x,y,backscatter_db,slope_deg,shadow_probability,roughness,ice_label
0,0,-14.2,6.8,0.82,0.25,1
1,0,-13.9,7.3,0.79,0.28,1
2,0,-12.5,5.9,0.71,0.24,1
3,0,-10.8,4.7,0.55,0.22,0
4,0,-9.1,3.2,0.36,0.19,0
0,1,-15.4,8.5,0.88,0.31,1
1,1,-14.7,8.0,0.85,0.29,1
2,1,-13.2,6.6,0.76,0.27,1
3,1,-11.0,5.4,0.60,0.23,0
4,1,-9.8,4.3,0.42,0.20,0
0,2,-16.8,9.1,0.90,0.35,1
1,2,-15.9,8.9,0.87,0.33,1
2,2,-14.1,7.5,0.80,0.30,1
3,2,-12.0,6.0,0.63,0.24,0
4,2,-10.5,4.8,0.45,0.21,0
0,3,-11.9,4.0,0.47,0.18,0
1,3,-12.7,4.6,0.52,0.20,0
2,3,-10.2,3.8,0.38,0.17,0
3,3,-8.9,2.9,0.22,0.15,0
4,3,-7.7,2.4,0.18,0.14,0
